<?xml version="1.0" encoding="UTF-8"?>
<preferences>
 <debug showDebugMenu="0" />
 <systemtable>
  <columns>
   <connections preferredWidth="175" />
   <irq preferredWidth="34" />
  </columns>
 </systemtable>
 <clocktable>
  <columns>
   <clockname preferredWidth="548" />
   <clocksource preferredWidth="548" />
   <frequency preferredWidth="528" />
  </columns>
 </clocktable>
 <library
   expandedCategories="Project,Library/Peripherals/Microcontroller Peripherals,Library,Library/Peripherals" />
 <window width="1920" height="1040" x="0" y="0" />
 <hdlexample language="VHDL" />
 <generation synthesis="VHDL" />
</preferences>
